Date,Day,Month,Year,Month_Name,Weekday
01/01/2021,1,1,2021,January,Friday
01/02/2021,2,1,2021,January,Saturday
01/03/2021,3,1,2021,January,Sunday
01/04/2021,4,1,2021,January,Monday
01/05/2021,5,1,2021,January,Tuesday
01/06/2021,6,1,2021,January,Wednesday
01/07/2021,7,1,2021,January,Thursday
01/08/2021,8,1,2021,January,Friday
01/09/2021,9,1,2021,January,Saturday
01/10/2021,10,1,2021,January,Sunday
01/11/2021,11,1,2021,January,Monday
01/12/2021,12,1,2021,January,Tuesday
01/13/2021,13,1,2021,January,Wednesday
01/14/2021,14,1,2021,January,Thursday
01/15/2021,15,1,2021,January,Friday
01/16/2021,16,1,2021,January,Saturday
01/17/2021,17,1,2021,January,Sunday
01/18/2021,18,1,2021,January,Monday
01/19/2021,19,1,2021,January,Tuesday
01/20/2021,20,1,2021,January,Wednesday
01/21/2021,21,1,2021,January,Thursday
01/22/2021,22,1,2021,January,Friday
01/23/2021,23,1,2021,January,Saturday
01/24/2021,24,1,2021,January,Sunday
01/25/2021,25,1,2021,January,Monday
01/26/2021,26,1,2021,January,Tuesday
01/27/2021,27,1,2021,January,Wednesday
01/28/2021,28,1,2021,January,Thursday
01/29/2021,29,1,2021,January,Friday
01/30/2021,30,1,2021,January,Saturday
01/31/2021,31,1,2021,January,Sunday
02/01/2021,1,2,2021,February,Monday
02/02/2021,2,2,2021,February,Tuesday
02/03/2021,3,2,2021,February,Wednesday
02/04/2021,4,2,2021,February,Thursday
02/05/2021,5,2,2021,February,Friday
02/06/2021,6,2,2021,February,Saturday
02/07/2021,7,2,2021,February,Sunday
02/08/2021,8,2,2021,February,Monday
02/09/2021,9,2,2021,February,Tuesday
02/10/2021,10,2,2021,February,Wednesday
02/11/2021,11,2,2021,February,Thursday
02/12/2021,12,2,2021,February,Friday
02/13/2021,13,2,2021,February,Saturday
02/14/2021,14,2,2021,February,Sunday
02/15/2021,15,2,2021,February,Monday
02/16/2021,16,2,2021,February,Tuesday
02/17/2021,17,2,2021,February,Wednesday
02/18/2021,18,2,2021,February,Thursday
02/19/2021,19,2,2021,February,Friday
02/20/2021,20,2,2021,February,Saturday
02/21/2021,21,2,2021,February,Sunday
02/22/2021,22,2,2021,February,Monday
02/23/2021,23,2,2021,February,Tuesday
02/24/2021,24,2,2021,February,Wednesday
02/25/2021,25,2,2021,February,Thursday
02/26/2021,26,2,2021,February,Friday
02/27/2021,27,2,2021,February,Saturday
02/28/2021,28,2,2021,February,Sunday
03/01/2021,1,3,2021,March,Monday
03/02/2021,2,3,2021,March,Tuesday
03/03/2021,3,3,2021,March,Wednesday
03/04/2021,4,3,2021,March,Thursday
03/05/2021,5,3,2021,March,Friday
03/06/2021,6,3,2021,March,Saturday
03/07/2021,7,3,2021,March,Sunday
03/08/2021,8,3,2021,March,Monday
03/09/2021,9,3,2021,March,Tuesday
03/10/2021,10,3,2021,March,Wednesday
03/11/2021,11,3,2021,March,Thursday
03/12/2021,12,3,2021,March,Friday
03/13/2021,13,3,2021,March,Saturday
03/14/2021,14,3,2021,March,Sunday
03/15/2021,15,3,2021,March,Monday
03/16/2021,16,3,2021,March,Tuesday
03/17/2021,17,3,2021,March,Wednesday
03/18/2021,18,3,2021,March,Thursday
03/19/2021,19,3,2021,March,Friday
03/20/2021,20,3,2021,March,Saturday
03/21/2021,21,3,2021,March,Sunday
03/22/2021,22,3,2021,March,Monday
03/23/2021,23,3,2021,March,Tuesday
03/24/2021,24,3,2021,March,Wednesday
03/25/2021,25,3,2021,March,Thursday
03/26/2021,26,3,2021,March,Friday
03/27/2021,27,3,2021,March,Saturday
03/28/2021,28,3,2021,March,Sunday
03/29/2021,29,3,2021,March,Monday
03/30/2021,30,3,2021,March,Tuesday
03/31/2021,31,3,2021,March,Wednesday
04/01/2021,1,4,2021,April,Thursday
04/02/2021,2,4,2021,April,Friday
04/03/2021,3,4,2021,April,Saturday
04/04/2021,4,4,2021,April,Sunday
04/05/2021,5,4,2021,April,Monday
04/06/2021,6,4,2021,April,Tuesday
04/07/2021,7,4,2021,April,Wednesday
04/08/2021,8,4,2021,April,Thursday
04/09/2021,9,4,2021,April,Friday
04/10/2021,10,4,2021,April,Saturday
04/11/2021,11,4,2021,April,Sunday
04/12/2021,12,4,2021,April,Monday
04/13/2021,13,4,2021,April,Tuesday
04/14/2021,14,4,2021,April,Wednesday
04/15/2021,15,4,2021,April,Thursday
04/16/2021,16,4,2021,April,Friday
04/17/2021,17,4,2021,April,Saturday
04/18/2021,18,4,2021,April,Sunday
04/19/2021,19,4,2021,April,Monday
04/20/2021,20,4,2021,April,Tuesday
04/21/2021,21,4,2021,April,Wednesday
04/22/2021,22,4,2021,April,Thursday
04/23/2021,23,4,2021,April,Friday
04/24/2021,24,4,2021,April,Saturday
04/25/2021,25,4,2021,April,Sunday
04/26/2021,26,4,2021,April,Monday
04/27/2021,27,4,2021,April,Tuesday
04/28/2021,28,4,2021,April,Wednesday
04/29/2021,29,4,2021,April,Thursday
04/30/2021,30,4,2021,April,Friday
05/01/2021,1,5,2021,May,Saturday
05/02/2021,2,5,2021,May,Sunday
05/03/2021,3,5,2021,May,Monday
05/04/2021,4,5,2021,May,Tuesday
05/05/2021,5,5,2021,May,Wednesday
05/06/2021,6,5,2021,May,Thursday
05/07/2021,7,5,2021,May,Friday
05/08/2021,8,5,2021,May,Saturday
05/09/2021,9,5,2021,May,Sunday
05/10/2021,10,5,2021,May,Monday
05/11/2021,11,5,2021,May,Tuesday
05/12/2021,12,5,2021,May,Wednesday
05/13/2021,13,5,2021,May,Thursday
05/14/2021,14,5,2021,May,Friday
05/15/2021,15,5,2021,May,Saturday
05/16/2021,16,5,2021,May,Sunday
05/17/2021,17,5,2021,May,Monday
05/18/2021,18,5,2021,May,Tuesday
05/19/2021,19,5,2021,May,Wednesday
05/20/2021,20,5,2021,May,Thursday
05/21/2021,21,5,2021,May,Friday
05/22/2021,22,5,2021,May,Saturday
05/23/2021,23,5,2021,May,Sunday
05/24/2021,24,5,2021,May,Monday
05/25/2021,25,5,2021,May,Tuesday
05/26/2021,26,5,2021,May,Wednesday
05/27/2021,27,5,2021,May,Thursday
05/28/2021,28,5,2021,May,Friday
05/29/2021,29,5,2021,May,Saturday
05/30/2021,30,5,2021,May,Sunday
05/31/2021,31,5,2021,May,Monday
06/01/2021,1,6,2021,June,Tuesday
06/02/2021,2,6,2021,June,Wednesday
06/03/2021,3,6,2021,June,Thursday
06/04/2021,4,6,2021,June,Friday
06/05/2021,5,6,2021,June,Saturday
06/06/2021,6,6,2021,June,Sunday
06/07/2021,7,6,2021,June,Monday
06/08/2021,8,6,2021,June,Tuesday
06/09/2021,9,6,2021,June,Wednesday
06/10/2021,10,6,2021,June,Thursday
06/11/2021,11,6,2021,June,Friday
06/12/2021,12,6,2021,June,Saturday
06/13/2021,13,6,2021,June,Sunday
06/14/2021,14,6,2021,June,Monday
06/15/2021,15,6,2021,June,Tuesday
06/16/2021,16,6,2021,June,Wednesday
06/17/2021,17,6,2021,June,Thursday
06/18/2021,18,6,2021,June,Friday
06/19/2021,19,6,2021,June,Saturday
06/20/2021,20,6,2021,June,Sunday
06/21/2021,21,6,2021,June,Monday
06/22/2021,22,6,2021,June,Tuesday
06/23/2021,23,6,2021,June,Wednesday
06/24/2021,24,6,2021,June,Thursday
06/25/2021,25,6,2021,June,Friday
06/26/2021,26,6,2021,June,Saturday
06/27/2021,27,6,2021,June,Sunday
06/28/2021,28,6,2021,June,Monday
06/29/2021,29,6,2021,June,Tuesday
06/30/2021,30,6,2021,June,Wednesday
07/01/2021,1,7,2021,July,Thursday
07/02/2021,2,7,2021,July,Friday
07/03/2021,3,7,2021,July,Saturday
07/04/2021,4,7,2021,July,Sunday
07/05/2021,5,7,2021,July,Monday
07/06/2021,6,7,2021,July,Tuesday
07/07/2021,7,7,2021,July,Wednesday
07/08/2021,8,7,2021,July,Thursday
07/09/2021,9,7,2021,July,Friday
07/10/2021,10,7,2021,July,Saturday
07/11/2021,11,7,2021,July,Sunday
07/12/2021,12,7,2021,July,Monday
07/13/2021,13,7,2021,July,Tuesday
07/14/2021,14,7,2021,July,Wednesday
07/15/2021,15,7,2021,July,Thursday
07/16/2021,16,7,2021,July,Friday
07/17/2021,17,7,2021,July,Saturday
07/18/2021,18,7,2021,July,Sunday
07/19/2021,19,7,2021,July,Monday
07/20/2021,20,7,2021,July,Tuesday
07/21/2021,21,7,2021,July,Wednesday
07/22/2021,22,7,2021,July,Thursday
07/23/2021,23,7,2021,July,Friday
07/24/2021,24,7,2021,July,Saturday
07/25/2021,25,7,2021,July,Sunday
07/26/2021,26,7,2021,July,Monday
07/27/2021,27,7,2021,July,Tuesday
07/28/2021,28,7,2021,July,Wednesday
07/29/2021,29,7,2021,July,Thursday
07/30/2021,30,7,2021,July,Friday
07/31/2021,31,7,2021,July,Saturday
08/01/2021,1,8,2021,August,Sunday
08/02/2021,2,8,2021,August,Monday
08/03/2021,3,8,2021,August,Tuesday
08/04/2021,4,8,2021,August,Wednesday
08/05/2021,5,8,2021,August,Thursday
08/06/2021,6,8,2021,August,Friday
08/07/2021,7,8,2021,August,Saturday
08/08/2021,8,8,2021,August,Sunday
08/09/2021,9,8,2021,August,Monday
08/10/2021,10,8,2021,August,Tuesday
08/11/2021,11,8,2021,August,Wednesday
08/12/2021,12,8,2021,August,Thursday
08/13/2021,13,8,2021,August,Friday
08/14/2021,14,8,2021,August,Saturday
08/15/2021,15,8,2021,August,Sunday
08/16/2021,16,8,2021,August,Monday
08/17/2021,17,8,2021,August,Tuesday
08/18/2021,18,8,2021,August,Wednesday
08/19/2021,19,8,2021,August,Thursday
08/20/2021,20,8,2021,August,Friday
08/21/2021,21,8,2021,August,Saturday
08/22/2021,22,8,2021,August,Sunday
08/23/2021,23,8,2021,August,Monday
08/24/2021,24,8,2021,August,Tuesday
08/25/2021,25,8,2021,August,Wednesday
08/26/2021,26,8,2021,August,Thursday
08/27/2021,27,8,2021,August,Friday
08/28/2021,28,8,2021,August,Saturday
08/29/2021,29,8,2021,August,Sunday
08/30/2021,30,8,2021,August,Monday
08/31/2021,31,8,2021,August,Tuesday
09/01/2021,1,9,2021,September,Wednesday
09/02/2021,2,9,2021,September,Thursday
09/03/2021,3,9,2021,September,Friday
09/04/2021,4,9,2021,September,Saturday
09/05/2021,5,9,2021,September,Sunday
09/06/2021,6,9,2021,September,Monday
09/07/2021,7,9,2021,September,Tuesday
09/08/2021,8,9,2021,September,Wednesday
09/09/2021,9,9,2021,September,Thursday
09/10/2021,10,9,2021,September,Friday
09/11/2021,11,9,2021,September,Saturday
09/12/2021,12,9,2021,September,Sunday
09/13/2021,13,9,2021,September,Monday
09/14/2021,14,9,2021,September,Tuesday
09/15/2021,15,9,2021,September,Wednesday
09/16/2021,16,9,2021,September,Thursday
09/17/2021,17,9,2021,September,Friday
09/18/2021,18,9,2021,September,Saturday
09/19/2021,19,9,2021,September,Sunday
09/20/2021,20,9,2021,September,Monday
09/21/2021,21,9,2021,September,Tuesday
09/22/2021,22,9,2021,September,Wednesday
09/23/2021,23,9,2021,September,Thursday
09/24/2021,24,9,2021,September,Friday
09/25/2021,25,9,2021,September,Saturday
09/26/2021,26,9,2021,September,Sunday
09/27/2021,27,9,2021,September,Monday
09/28/2021,28,9,2021,September,Tuesday
09/29/2021,29,9,2021,September,Wednesday
09/30/2021,30,9,2021,September,Thursday
10/01/2021,1,10,2021,October,Friday
10/02/2021,2,10,2021,October,Saturday
10/03/2021,3,10,2021,October,Sunday
10/04/2021,4,10,2021,October,Monday
10/05/2021,5,10,2021,October,Tuesday
10/06/2021,6,10,2021,October,Wednesday
10/07/2021,7,10,2021,October,Thursday
10/08/2021,8,10,2021,October,Friday
10/09/2021,9,10,2021,October,Saturday
10/10/2021,10,10,2021,October,Sunday
10/11/2021,11,10,2021,October,Monday
10/12/2021,12,10,2021,October,Tuesday
10/13/2021,13,10,2021,October,Wednesday
10/14/2021,14,10,2021,October,Thursday
10/15/2021,15,10,2021,October,Friday
10/16/2021,16,10,2021,October,Saturday
10/17/2021,17,10,2021,October,Sunday
10/18/2021,18,10,2021,October,Monday
10/19/2021,19,10,2021,October,Tuesday
10/20/2021,20,10,2021,October,Wednesday
10/21/2021,21,10,2021,October,Thursday
10/22/2021,22,10,2021,October,Friday
10/23/2021,23,10,2021,October,Saturday
10/24/2021,24,10,2021,October,Sunday
10/25/2021,25,10,2021,October,Monday
10/26/2021,26,10,2021,October,Tuesday
10/27/2021,27,10,2021,October,Wednesday
10/28/2021,28,10,2021,October,Thursday
10/29/2021,29,10,2021,October,Friday
10/30/2021,30,10,2021,October,Saturday
10/31/2021,31,10,2021,October,Sunday
11/01/2021,1,11,2021,November,Monday
11/02/2021,2,11,2021,November,Tuesday
11/03/2021,3,11,2021,November,Wednesday
11/04/2021,4,11,2021,November,Thursday
11/05/2021,5,11,2021,November,Friday
11/06/2021,6,11,2021,November,Saturday
11/07/2021,7,11,2021,November,Sunday
11/08/2021,8,11,2021,November,Monday
11/09/2021,9,11,2021,November,Tuesday
11/10/2021,10,11,2021,November,Wednesday
11/11/2021,11,11,2021,November,Thursday
11/12/2021,12,11,2021,November,Friday
11/13/2021,13,11,2021,November,Saturday
11/14/2021,14,11,2021,November,Sunday
11/15/2021,15,11,2021,November,Monday
11/16/2021,16,11,2021,November,Tuesday
11/17/2021,17,11,2021,November,Wednesday
11/18/2021,18,11,2021,November,Thursday
11/19/2021,19,11,2021,November,Friday
11/20/2021,20,11,2021,November,Saturday
11/21/2021,21,11,2021,November,Sunday
11/22/2021,22,11,2021,November,Monday
11/23/2021,23,11,2021,November,Tuesday
11/24/2021,24,11,2021,November,Wednesday
11/25/2021,25,11,2021,November,Thursday
11/26/2021,26,11,2021,November,Friday
11/27/2021,27,11,2021,November,Saturday
11/28/2021,28,11,2021,November,Sunday
11/29/2021,29,11,2021,November,Monday
11/30/2021,30,11,2021,November,Tuesday
12/01/2021,1,12,2021,December,Wednesday
12/02/2021,2,12,2021,December,Thursday
12/03/2021,3,12,2021,December,Friday
12/04/2021,4,12,2021,December,Saturday
12/05/2021,5,12,2021,December,Sunday
12/06/2021,6,12,2021,December,Monday
12/07/2021,7,12,2021,December,Tuesday
12/08/2021,8,12,2021,December,Wednesday
12/09/2021,9,12,2021,December,Thursday
12/10/2021,10,12,2021,December,Friday
12/11/2021,11,12,2021,December,Saturday
12/12/2021,12,12,2021,December,Sunday
12/13/2021,13,12,2021,December,Monday
12/14/2021,14,12,2021,December,Tuesday
12/15/2021,15,12,2021,December,Wednesday
12/16/2021,16,12,2021,December,Thursday
12/17/2021,17,12,2021,December,Friday
12/18/2021,18,12,2021,December,Saturday
12/19/2021,19,12,2021,December,Sunday
12/20/2021,20,12,2021,December,Monday
12/21/2021,21,12,2021,December,Tuesday
12/22/2021,22,12,2021,December,Wednesday
12/23/2021,23,12,2021,December,Thursday
12/24/2021,24,12,2021,December,Friday
12/25/2021,25,12,2021,December,Saturday
12/26/2021,26,12,2021,December,Sunday
12/27/2021,27,12,2021,December,Monday
12/28/2021,28,12,2021,December,Tuesday
12/29/2021,29,12,2021,December,Wednesday
12/30/2021,30,12,2021,December,Thursday
12/31/2021,31,12,2021,December,Friday
01/01/2022,1,1,2022,January,Saturday
01/02/2022,2,1,2022,January,Sunday
01/03/2022,3,1,2022,January,Monday
01/04/2022,4,1,2022,January,Tuesday
01/05/2022,5,1,2022,January,Wednesday
01/06/2022,6,1,2022,January,Thursday
01/07/2022,7,1,2022,January,Friday
01/08/2022,8,1,2022,January,Saturday
01/09/2022,9,1,2022,January,Sunday
01/10/2022,10,1,2022,January,Monday
01/11/2022,11,1,2022,January,Tuesday
01/12/2022,12,1,2022,January,Wednesday
01/13/2022,13,1,2022,January,Thursday
01/14/2022,14,1,2022,January,Friday
01/15/2022,15,1,2022,January,Saturday
01/16/2022,16,1,2022,January,Sunday
01/17/2022,17,1,2022,January,Monday
01/18/2022,18,1,2022,January,Tuesday
01/19/2022,19,1,2022,January,Wednesday
01/20/2022,20,1,2022,January,Thursday
01/21/2022,21,1,2022,January,Friday
01/22/2022,22,1,2022,January,Saturday
01/23/2022,23,1,2022,January,Sunday
01/24/2022,24,1,2022,January,Monday
01/25/2022,25,1,2022,January,Tuesday
01/26/2022,26,1,2022,January,Wednesday
01/27/2022,27,1,2022,January,Thursday
01/28/2022,28,1,2022,January,Friday
01/29/2022,29,1,2022,January,Saturday
01/30/2022,30,1,2022,January,Sunday
01/31/2022,31,1,2022,January,Monday
02/01/2022,1,2,2022,February,Tuesday
02/02/2022,2,2,2022,February,Wednesday
02/03/2022,3,2,2022,February,Thursday
02/04/2022,4,2,2022,February,Friday
02/05/2022,5,2,2022,February,Saturday
02/06/2022,6,2,2022,February,Sunday
02/07/2022,7,2,2022,February,Monday
02/08/2022,8,2,2022,February,Tuesday
02/09/2022,9,2,2022,February,Wednesday
02/10/2022,10,2,2022,February,Thursday
02/11/2022,11,2,2022,February,Friday
02/12/2022,12,2,2022,February,Saturday
02/13/2022,13,2,2022,February,Sunday
02/14/2022,14,2,2022,February,Monday
02/15/2022,15,2,2022,February,Tuesday
02/16/2022,16,2,2022,February,Wednesday
02/17/2022,17,2,2022,February,Thursday
02/18/2022,18,2,2022,February,Friday
02/19/2022,19,2,2022,February,Saturday
02/20/2022,20,2,2022,February,Sunday
02/21/2022,21,2,2022,February,Monday
02/22/2022,22,2,2022,February,Tuesday
02/23/2022,23,2,2022,February,Wednesday
02/24/2022,24,2,2022,February,Thursday
02/25/2022,25,2,2022,February,Friday
02/26/2022,26,2,2022,February,Saturday
02/27/2022,27,2,2022,February,Sunday
02/28/2022,28,2,2022,February,Monday
03/01/2022,1,3,2022,March,Tuesday
03/02/2022,2,3,2022,March,Wednesday
03/03/2022,3,3,2022,March,Thursday
03/04/2022,4,3,2022,March,Friday
03/05/2022,5,3,2022,March,Saturday
03/06/2022,6,3,2022,March,Sunday
03/07/2022,7,3,2022,March,Monday
03/08/2022,8,3,2022,March,Tuesday
03/09/2022,9,3,2022,March,Wednesday
03/10/2022,10,3,2022,March,Thursday
03/11/2022,11,3,2022,March,Friday
03/12/2022,12,3,2022,March,Saturday
03/13/2022,13,3,2022,March,Sunday
03/14/2022,14,3,2022,March,Monday
03/15/2022,15,3,2022,March,Tuesday
03/16/2022,16,3,2022,March,Wednesday
03/17/2022,17,3,2022,March,Thursday
03/18/2022,18,3,2022,March,Friday
03/19/2022,19,3,2022,March,Saturday
03/20/2022,20,3,2022,March,Sunday
03/21/2022,21,3,2022,March,Monday
03/22/2022,22,3,2022,March,Tuesday
03/23/2022,23,3,2022,March,Wednesday
03/24/2022,24,3,2022,March,Thursday
03/25/2022,25,3,2022,March,Friday
03/26/2022,26,3,2022,March,Saturday
03/27/2022,27,3,2022,March,Sunday
03/28/2022,28,3,2022,March,Monday
03/29/2022,29,3,2022,March,Tuesday
03/30/2022,30,3,2022,March,Wednesday
03/31/2022,31,3,2022,March,Thursday
04/01/2022,1,4,2022,April,Friday
04/02/2022,2,4,2022,April,Saturday
04/03/2022,3,4,2022,April,Sunday
04/04/2022,4,4,2022,April,Monday
04/05/2022,5,4,2022,April,Tuesday
04/06/2022,6,4,2022,April,Wednesday
04/07/2022,7,4,2022,April,Thursday
04/08/2022,8,4,2022,April,Friday
04/09/2022,9,4,2022,April,Saturday
04/10/2022,10,4,2022,April,Sunday
04/11/2022,11,4,2022,April,Monday
04/12/2022,12,4,2022,April,Tuesday
04/13/2022,13,4,2022,April,Wednesday
04/14/2022,14,4,2022,April,Thursday
04/15/2022,15,4,2022,April,Friday
04/16/2022,16,4,2022,April,Saturday
04/17/2022,17,4,2022,April,Sunday
04/18/2022,18,4,2022,April,Monday
04/19/2022,19,4,2022,April,Tuesday
04/20/2022,20,4,2022,April,Wednesday
04/21/2022,21,4,2022,April,Thursday
04/22/2022,22,4,2022,April,Friday
04/23/2022,23,4,2022,April,Saturday
04/24/2022,24,4,2022,April,Sunday
04/25/2022,25,4,2022,April,Monday
04/26/2022,26,4,2022,April,Tuesday
04/27/2022,27,4,2022,April,Wednesday
04/28/2022,28,4,2022,April,Thursday
04/29/2022,29,4,2022,April,Friday
04/30/2022,30,4,2022,April,Saturday
05/01/2022,1,5,2022,May,Sunday
05/02/2022,2,5,2022,May,Monday
05/03/2022,3,5,2022,May,Tuesday
05/04/2022,4,5,2022,May,Wednesday
05/05/2022,5,5,2022,May,Thursday
05/06/2022,6,5,2022,May,Friday
05/07/2022,7,5,2022,May,Saturday
05/08/2022,8,5,2022,May,Sunday
05/09/2022,9,5,2022,May,Monday
05/10/2022,10,5,2022,May,Tuesday
05/11/2022,11,5,2022,May,Wednesday
05/12/2022,12,5,2022,May,Thursday
05/13/2022,13,5,2022,May,Friday
05/14/2022,14,5,2022,May,Saturday
05/15/2022,15,5,2022,May,Sunday
05/16/2022,16,5,2022,May,Monday
05/17/2022,17,5,2022,May,Tuesday
05/18/2022,18,5,2022,May,Wednesday
05/19/2022,19,5,2022,May,Thursday
05/20/2022,20,5,2022,May,Friday
05/21/2022,21,5,2022,May,Saturday
05/22/2022,22,5,2022,May,Sunday
05/23/2022,23,5,2022,May,Monday
05/24/2022,24,5,2022,May,Tuesday
05/25/2022,25,5,2022,May,Wednesday
05/26/2022,26,5,2022,May,Thursday
05/27/2022,27,5,2022,May,Friday
05/28/2022,28,5,2022,May,Saturday
05/29/2022,29,5,2022,May,Sunday
05/30/2022,30,5,2022,May,Monday
05/31/2022,31,5,2022,May,Tuesday
06/01/2022,1,6,2022,June,Wednesday
06/02/2022,2,6,2022,June,Thursday
06/03/2022,3,6,2022,June,Friday
06/04/2022,4,6,2022,June,Saturday
06/05/2022,5,6,2022,June,Sunday
06/06/2022,6,6,2022,June,Monday
06/07/2022,7,6,2022,June,Tuesday
06/08/2022,8,6,2022,June,Wednesday
06/09/2022,9,6,2022,June,Thursday
06/10/2022,10,6,2022,June,Friday
06/11/2022,11,6,2022,June,Saturday
06/12/2022,12,6,2022,June,Sunday
06/13/2022,13,6,2022,June,Monday
06/14/2022,14,6,2022,June,Tuesday
06/15/2022,15,6,2022,June,Wednesday
06/16/2022,16,6,2022,June,Thursday
06/17/2022,17,6,2022,June,Friday
06/18/2022,18,6,2022,June,Saturday
06/19/2022,19,6,2022,June,Sunday
06/20/2022,20,6,2022,June,Monday
06/21/2022,21,6,2022,June,Tuesday
06/22/2022,22,6,2022,June,Wednesday
06/23/2022,23,6,2022,June,Thursday
06/24/2022,24,6,2022,June,Friday
06/25/2022,25,6,2022,June,Saturday
06/26/2022,26,6,2022,June,Sunday
06/27/2022,27,6,2022,June,Monday
06/28/2022,28,6,2022,June,Tuesday
06/29/2022,29,6,2022,June,Wednesday
06/30/2022,30,6,2022,June,Thursday
07/01/2022,1,7,2022,July,Friday
07/02/2022,2,7,2022,July,Saturday
07/03/2022,3,7,2022,July,Sunday
07/04/2022,4,7,2022,July,Monday
07/05/2022,5,7,2022,July,Tuesday
07/06/2022,6,7,2022,July,Wednesday
07/07/2022,7,7,2022,July,Thursday
07/08/2022,8,7,2022,July,Friday
07/09/2022,9,7,2022,July,Saturday
07/10/2022,10,7,2022,July,Sunday
07/11/2022,11,7,2022,July,Monday
07/12/2022,12,7,2022,July,Tuesday
07/13/2022,13,7,2022,July,Wednesday
07/14/2022,14,7,2022,July,Thursday
07/15/2022,15,7,2022,July,Friday
07/16/2022,16,7,2022,July,Saturday
07/17/2022,17,7,2022,July,Sunday
07/18/2022,18,7,2022,July,Monday
07/19/2022,19,7,2022,July,Tuesday
07/20/2022,20,7,2022,July,Wednesday
07/21/2022,21,7,2022,July,Thursday
07/22/2022,22,7,2022,July,Friday
07/23/2022,23,7,2022,July,Saturday
07/24/2022,24,7,2022,July,Sunday
07/25/2022,25,7,2022,July,Monday
07/26/2022,26,7,2022,July,Tuesday
07/27/2022,27,7,2022,July,Wednesday
07/28/2022,28,7,2022,July,Thursday
07/29/2022,29,7,2022,July,Friday
07/30/2022,30,7,2022,July,Saturday
07/31/2022,31,7,2022,July,Sunday
08/01/2022,1,8,2022,August,Monday
08/02/2022,2,8,2022,August,Tuesday
08/03/2022,3,8,2022,August,Wednesday
08/04/2022,4,8,2022,August,Thursday
08/05/2022,5,8,2022,August,Friday
08/06/2022,6,8,2022,August,Saturday
08/07/2022,7,8,2022,August,Sunday
08/08/2022,8,8,2022,August,Monday
08/09/2022,9,8,2022,August,Tuesday
08/10/2022,10,8,2022,August,Wednesday
08/11/2022,11,8,2022,August,Thursday
08/12/2022,12,8,2022,August,Friday
08/13/2022,13,8,2022,August,Saturday
08/14/2022,14,8,2022,August,Sunday
08/15/2022,15,8,2022,August,Monday
08/16/2022,16,8,2022,August,Tuesday
08/17/2022,17,8,2022,August,Wednesday
08/18/2022,18,8,2022,August,Thursday
08/19/2022,19,8,2022,August,Friday
08/20/2022,20,8,2022,August,Saturday
08/21/2022,21,8,2022,August,Sunday
08/22/2022,22,8,2022,August,Monday
08/23/2022,23,8,2022,August,Tuesday
08/24/2022,24,8,2022,August,Wednesday
08/25/2022,25,8,2022,August,Thursday
08/26/2022,26,8,2022,August,Friday
08/27/2022,27,8,2022,August,Saturday
08/28/2022,28,8,2022,August,Sunday
08/29/2022,29,8,2022,August,Monday
08/30/2022,30,8,2022,August,Tuesday
08/31/2022,31,8,2022,August,Wednesday
09/01/2022,1,9,2022,September,Thursday
09/02/2022,2,9,2022,September,Friday
09/03/2022,3,9,2022,September,Saturday
09/04/2022,4,9,2022,September,Sunday
09/05/2022,5,9,2022,September,Monday
09/06/2022,6,9,2022,September,Tuesday
09/07/2022,7,9,2022,September,Wednesday
09/08/2022,8,9,2022,September,Thursday
09/09/2022,9,9,2022,September,Friday
09/10/2022,10,9,2022,September,Saturday
09/11/2022,11,9,2022,September,Sunday
09/12/2022,12,9,2022,September,Monday
09/13/2022,13,9,2022,September,Tuesday
09/14/2022,14,9,2022,September,Wednesday
09/15/2022,15,9,2022,September,Thursday
09/16/2022,16,9,2022,September,Friday
09/17/2022,17,9,2022,September,Saturday
09/18/2022,18,9,2022,September,Sunday
09/19/2022,19,9,2022,September,Monday
09/20/2022,20,9,2022,September,Tuesday
09/21/2022,21,9,2022,September,Wednesday
09/22/2022,22,9,2022,September,Thursday
09/23/2022,23,9,2022,September,Friday
09/24/2022,24,9,2022,September,Saturday
09/25/2022,25,9,2022,September,Sunday
09/26/2022,26,9,2022,September,Monday
09/27/2022,27,9,2022,September,Tuesday
09/28/2022,28,9,2022,September,Wednesday
09/29/2022,29,9,2022,September,Thursday
09/30/2022,30,9,2022,September,Friday
10/01/2022,1,10,2022,October,Saturday
10/02/2022,2,10,2022,October,Sunday
10/03/2022,3,10,2022,October,Monday
10/04/2022,4,10,2022,October,Tuesday
10/05/2022,5,10,2022,October,Wednesday
10/06/2022,6,10,2022,October,Thursday
10/07/2022,7,10,2022,October,Friday
10/08/2022,8,10,2022,October,Saturday
10/09/2022,9,10,2022,October,Sunday
10/10/2022,10,10,2022,October,Monday
10/11/2022,11,10,2022,October,Tuesday
10/12/2022,12,10,2022,October,Wednesday
10/13/2022,13,10,2022,October,Thursday
10/14/2022,14,10,2022,October,Friday
10/15/2022,15,10,2022,October,Saturday
10/16/2022,16,10,2022,October,Sunday
10/17/2022,17,10,2022,October,Monday
10/18/2022,18,10,2022,October,Tuesday
10/19/2022,19,10,2022,October,Wednesday
10/20/2022,20,10,2022,October,Thursday
10/21/2022,21,10,2022,October,Friday
10/22/2022,22,10,2022,October,Saturday
10/23/2022,23,10,2022,October,Sunday
10/24/2022,24,10,2022,October,Monday
10/25/2022,25,10,2022,October,Tuesday
10/26/2022,26,10,2022,October,Wednesday
10/27/2022,27,10,2022,October,Thursday
10/28/2022,28,10,2022,October,Friday
10/29/2022,29,10,2022,October,Saturday
10/30/2022,30,10,2022,October,Sunday
10/31/2022,31,10,2022,October,Monday
11/01/2022,1,11,2022,November,Tuesday
11/02/2022,2,11,2022,November,Wednesday
11/03/2022,3,11,2022,November,Thursday
11/04/2022,4,11,2022,November,Friday
11/05/2022,5,11,2022,November,Saturday
11/06/2022,6,11,2022,November,Sunday
11/07/2022,7,11,2022,November,Monday
11/08/2022,8,11,2022,November,Tuesday
11/09/2022,9,11,2022,November,Wednesday
11/10/2022,10,11,2022,November,Thursday
11/11/2022,11,11,2022,November,Friday
11/12/2022,12,11,2022,November,Saturday
11/13/2022,13,11,2022,November,Sunday
11/14/2022,14,11,2022,November,Monday
11/15/2022,15,11,2022,November,Tuesday
11/16/2022,16,11,2022,November,Wednesday
11/17/2022,17,11,2022,November,Thursday
11/18/2022,18,11,2022,November,Friday
11/19/2022,19,11,2022,November,Saturday
11/20/2022,20,11,2022,November,Sunday
11/21/2022,21,11,2022,November,Monday
11/22/2022,22,11,2022,November,Tuesday
11/23/2022,23,11,2022,November,Wednesday
11/24/2022,24,11,2022,November,Thursday
11/25/2022,25,11,2022,November,Friday
11/26/2022,26,11,2022,November,Saturday
11/27/2022,27,11,2022,November,Sunday
11/28/2022,28,11,2022,November,Monday
11/29/2022,29,11,2022,November,Tuesday
11/30/2022,30,11,2022,November,Wednesday
12/01/2022,1,12,2022,December,Thursday
12/02/2022,2,12,2022,December,Friday
12/03/2022,3,12,2022,December,Saturday
12/04/2022,4,12,2022,December,Sunday
12/05/2022,5,12,2022,December,Monday
12/06/2022,6,12,2022,December,Tuesday
12/07/2022,7,12,2022,December,Wednesday
12/08/2022,8,12,2022,December,Thursday
12/09/2022,9,12,2022,December,Friday
12/10/2022,10,12,2022,December,Saturday
12/11/2022,11,12,2022,December,Sunday
12/12/2022,12,12,2022,December,Monday
12/13/2022,13,12,2022,December,Tuesday
12/14/2022,14,12,2022,December,Wednesday
12/15/2022,15,12,2022,December,Thursday
12/16/2022,16,12,2022,December,Friday
12/17/2022,17,12,2022,December,Saturday
12/18/2022,18,12,2022,December,Sunday
12/19/2022,19,12,2022,December,Monday
12/20/2022,20,12,2022,December,Tuesday
12/21/2022,21,12,2022,December,Wednesday
12/22/2022,22,12,2022,December,Thursday
12/23/2022,23,12,2022,December,Friday
12/24/2022,24,12,2022,December,Saturday
12/25/2022,25,12,2022,December,Sunday
12/26/2022,26,12,2022,December,Monday
12/27/2022,27,12,2022,December,Tuesday
12/28/2022,28,12,2022,December,Wednesday
12/29/2022,29,12,2022,December,Thursday
12/30/2022,30,12,2022,December,Friday
12/31/2022,31,12,2022,December,Saturday
01/01/2023,1,1,2023,January,Sunday
01/02/2023,2,1,2023,January,Monday
01/03/2023,3,1,2023,January,Tuesday
01/04/2023,4,1,2023,January,Wednesday
01/05/2023,5,1,2023,January,Thursday
01/06/2023,6,1,2023,January,Friday
01/07/2023,7,1,2023,January,Saturday
01/08/2023,8,1,2023,January,Sunday
01/09/2023,9,1,2023,January,Monday
01/10/2023,10,1,2023,January,Tuesday
01/11/2023,11,1,2023,January,Wednesday
01/12/2023,12,1,2023,January,Thursday
01/13/2023,13,1,2023,January,Friday
01/14/2023,14,1,2023,January,Saturday
01/15/2023,15,1,2023,January,Sunday
01/16/2023,16,1,2023,January,Monday
01/17/2023,17,1,2023,January,Tuesday
01/18/2023,18,1,2023,January,Wednesday
01/19/2023,19,1,2023,January,Thursday
01/20/2023,20,1,2023,January,Friday
01/21/2023,21,1,2023,January,Saturday
01/22/2023,22,1,2023,January,Sunday
01/23/2023,23,1,2023,January,Monday
01/24/2023,24,1,2023,January,Tuesday
01/25/2023,25,1,2023,January,Wednesday
01/26/2023,26,1,2023,January,Thursday
01/27/2023,27,1,2023,January,Friday
01/28/2023,28,1,2023,January,Saturday
01/29/2023,29,1,2023,January,Sunday
01/30/2023,30,1,2023,January,Monday
01/31/2023,31,1,2023,January,Tuesday
02/01/2023,1,2,2023,February,Wednesday
02/02/2023,2,2,2023,February,Thursday
02/03/2023,3,2,2023,February,Friday
02/04/2023,4,2,2023,February,Saturday
02/05/2023,5,2,2023,February,Sunday
02/06/2023,6,2,2023,February,Monday
02/07/2023,7,2,2023,February,Tuesday
02/08/2023,8,2,2023,February,Wednesday
02/09/2023,9,2,2023,February,Thursday
02/10/2023,10,2,2023,February,Friday
02/11/2023,11,2,2023,February,Saturday
02/12/2023,12,2,2023,February,Sunday
02/13/2023,13,2,2023,February,Monday
02/14/2023,14,2,2023,February,Tuesday
02/15/2023,15,2,2023,February,Wednesday
02/16/2023,16,2,2023,February,Thursday
02/17/2023,17,2,2023,February,Friday
02/18/2023,18,2,2023,February,Saturday
02/19/2023,19,2,2023,February,Sunday
02/20/2023,20,2,2023,February,Monday
02/21/2023,21,2,2023,February,Tuesday
02/22/2023,22,2,2023,February,Wednesday
02/23/2023,23,2,2023,February,Thursday
02/24/2023,24,2,2023,February,Friday
02/25/2023,25,2,2023,February,Saturday
02/26/2023,26,2,2023,February,Sunday
02/27/2023,27,2,2023,February,Monday
02/28/2023,28,2,2023,February,Tuesday
03/01/2023,1,3,2023,March,Wednesday
03/02/2023,2,3,2023,March,Thursday
03/03/2023,3,3,2023,March,Friday
03/04/2023,4,3,2023,March,Saturday
03/05/2023,5,3,2023,March,Sunday
03/06/2023,6,3,2023,March,Monday
03/07/2023,7,3,2023,March,Tuesday
03/08/2023,8,3,2023,March,Wednesday
03/09/2023,9,3,2023,March,Thursday
03/10/2023,10,3,2023,March,Friday
03/11/2023,11,3,2023,March,Saturday
03/12/2023,12,3,2023,March,Sunday
03/13/2023,13,3,2023,March,Monday
03/14/2023,14,3,2023,March,Tuesday
03/15/2023,15,3,2023,March,Wednesday
03/16/2023,16,3,2023,March,Thursday
03/17/2023,17,3,2023,March,Friday
03/18/2023,18,3,2023,March,Saturday
03/19/2023,19,3,2023,March,Sunday
03/20/2023,20,3,2023,March,Monday
03/21/2023,21,3,2023,March,Tuesday
03/22/2023,22,3,2023,March,Wednesday
03/23/2023,23,3,2023,March,Thursday
03/24/2023,24,3,2023,March,Friday
03/25/2023,25,3,2023,March,Saturday
03/26/2023,26,3,2023,March,Sunday
03/27/2023,27,3,2023,March,Monday
03/28/2023,28,3,2023,March,Tuesday
03/29/2023,29,3,2023,March,Wednesday
03/30/2023,30,3,2023,March,Thursday
03/31/2023,31,3,2023,March,Friday
04/01/2023,1,4,2023,April,Saturday
04/02/2023,2,4,2023,April,Sunday
04/03/2023,3,4,2023,April,Monday
04/04/2023,4,4,2023,April,Tuesday
04/05/2023,5,4,2023,April,Wednesday
04/06/2023,6,4,2023,April,Thursday
04/07/2023,7,4,2023,April,Friday
04/08/2023,8,4,2023,April,Saturday
04/09/2023,9,4,2023,April,Sunday
04/10/2023,10,4,2023,April,Monday
04/11/2023,11,4,2023,April,Tuesday
04/12/2023,12,4,2023,April,Wednesday
04/13/2023,13,4,2023,April,Thursday
04/14/2023,14,4,2023,April,Friday
04/15/2023,15,4,2023,April,Saturday
04/16/2023,16,4,2023,April,Sunday
04/17/2023,17,4,2023,April,Monday
04/18/2023,18,4,2023,April,Tuesday
04/19/2023,19,4,2023,April,Wednesday
04/20/2023,20,4,2023,April,Thursday
04/21/2023,21,4,2023,April,Friday
04/22/2023,22,4,2023,April,Saturday
04/23/2023,23,4,2023,April,Sunday
04/24/2023,24,4,2023,April,Monday
04/25/2023,25,4,2023,April,Tuesday
04/26/2023,26,4,2023,April,Wednesday
04/27/2023,27,4,2023,April,Thursday
04/28/2023,28,4,2023,April,Friday
04/29/2023,29,4,2023,April,Saturday
04/30/2023,30,4,2023,April,Sunday
05/01/2023,1,5,2023,May,Monday
05/02/2023,2,5,2023,May,Tuesday
05/03/2023,3,5,2023,May,Wednesday
05/04/2023,4,5,2023,May,Thursday
05/05/2023,5,5,2023,May,Friday
05/06/2023,6,5,2023,May,Saturday
05/07/2023,7,5,2023,May,Sunday
05/08/2023,8,5,2023,May,Monday
05/09/2023,9,5,2023,May,Tuesday
05/10/2023,10,5,2023,May,Wednesday
05/11/2023,11,5,2023,May,Thursday
05/12/2023,12,5,2023,May,Friday
05/13/2023,13,5,2023,May,Saturday
05/14/2023,14,5,2023,May,Sunday
05/15/2023,15,5,2023,May,Monday
05/16/2023,16,5,2023,May,Tuesday
05/17/2023,17,5,2023,May,Wednesday
05/18/2023,18,5,2023,May,Thursday
05/19/2023,19,5,2023,May,Friday
05/20/2023,20,5,2023,May,Saturday
05/21/2023,21,5,2023,May,Sunday
05/22/2023,22,5,2023,May,Monday
05/23/2023,23,5,2023,May,Tuesday
05/24/2023,24,5,2023,May,Wednesday
05/25/2023,25,5,2023,May,Thursday
05/26/2023,26,5,2023,May,Friday
05/27/2023,27,5,2023,May,Saturday
05/28/2023,28,5,2023,May,Sunday
05/29/2023,29,5,2023,May,Monday
05/30/2023,30,5,2023,May,Tuesday
05/31/2023,31,5,2023,May,Wednesday
06/01/2023,1,6,2023,June,Thursday
06/02/2023,2,6,2023,June,Friday
06/03/2023,3,6,2023,June,Saturday
06/04/2023,4,6,2023,June,Sunday
06/05/2023,5,6,2023,June,Monday
06/06/2023,6,6,2023,June,Tuesday
06/07/2023,7,6,2023,June,Wednesday
06/08/2023,8,6,2023,June,Thursday
06/09/2023,9,6,2023,June,Friday
06/10/2023,10,6,2023,June,Saturday
06/11/2023,11,6,2023,June,Sunday
06/12/2023,12,6,2023,June,Monday
06/13/2023,13,6,2023,June,Tuesday
06/14/2023,14,6,2023,June,Wednesday
06/15/2023,15,6,2023,June,Thursday
06/16/2023,16,6,2023,June,Friday
06/17/2023,17,6,2023,June,Saturday
06/18/2023,18,6,2023,June,Sunday
06/19/2023,19,6,2023,June,Monday
06/20/2023,20,6,2023,June,Tuesday
06/21/2023,21,6,2023,June,Wednesday
06/22/2023,22,6,2023,June,Thursday
06/23/2023,23,6,2023,June,Friday
06/24/2023,24,6,2023,June,Saturday
06/25/2023,25,6,2023,June,Sunday
06/26/2023,26,6,2023,June,Monday
06/27/2023,27,6,2023,June,Tuesday
06/28/2023,28,6,2023,June,Wednesday
06/29/2023,29,6,2023,June,Thursday
06/30/2023,30,6,2023,June,Friday
07/01/2023,1,7,2023,July,Saturday
07/02/2023,2,7,2023,July,Sunday
07/03/2023,3,7,2023,July,Monday
07/04/2023,4,7,2023,July,Tuesday
07/05/2023,5,7,2023,July,Wednesday
07/06/2023,6,7,2023,July,Thursday
07/07/2023,7,7,2023,July,Friday
07/08/2023,8,7,2023,July,Saturday
07/09/2023,9,7,2023,July,Sunday
07/10/2023,10,7,2023,July,Monday
07/11/2023,11,7,2023,July,Tuesday
07/12/2023,12,7,2023,July,Wednesday
07/13/2023,13,7,2023,July,Thursday
07/14/2023,14,7,2023,July,Friday
07/15/2023,15,7,2023,July,Saturday
07/16/2023,16,7,2023,July,Sunday
07/17/2023,17,7,2023,July,Monday
07/18/2023,18,7,2023,July,Tuesday
07/19/2023,19,7,2023,July,Wednesday
07/20/2023,20,7,2023,July,Thursday
07/21/2023,21,7,2023,July,Friday
07/22/2023,22,7,2023,July,Saturday
07/23/2023,23,7,2023,July,Sunday
07/24/2023,24,7,2023,July,Monday
07/25/2023,25,7,2023,July,Tuesday
07/26/2023,26,7,2023,July,Wednesday
07/27/2023,27,7,2023,July,Thursday
07/28/2023,28,7,2023,July,Friday
07/29/2023,29,7,2023,July,Saturday
07/30/2023,30,7,2023,July,Sunday
07/31/2023,31,7,2023,July,Monday
08/01/2023,1,8,2023,August,Tuesday
08/02/2023,2,8,2023,August,Wednesday
08/03/2023,3,8,2023,August,Thursday
08/04/2023,4,8,2023,August,Friday
08/05/2023,5,8,2023,August,Saturday
08/06/2023,6,8,2023,August,Sunday
08/07/2023,7,8,2023,August,Monday
08/08/2023,8,8,2023,August,Tuesday
08/09/2023,9,8,2023,August,Wednesday
08/10/2023,10,8,2023,August,Thursday
08/11/2023,11,8,2023,August,Friday
08/12/2023,12,8,2023,August,Saturday
08/13/2023,13,8,2023,August,Sunday
08/14/2023,14,8,2023,August,Monday
08/15/2023,15,8,2023,August,Tuesday
08/16/2023,16,8,2023,August,Wednesday
08/17/2023,17,8,2023,August,Thursday
08/18/2023,18,8,2023,August,Friday
08/19/2023,19,8,2023,August,Saturday
08/20/2023,20,8,2023,August,Sunday
08/21/2023,21,8,2023,August,Monday
08/22/2023,22,8,2023,August,Tuesday
08/23/2023,23,8,2023,August,Wednesday
08/24/2023,24,8,2023,August,Thursday
08/25/2023,25,8,2023,August,Friday
08/26/2023,26,8,2023,August,Saturday
08/27/2023,27,8,2023,August,Sunday
08/28/2023,28,8,2023,August,Monday
08/29/2023,29,8,2023,August,Tuesday
08/30/2023,30,8,2023,August,Wednesday
08/31/2023,31,8,2023,August,Thursday
09/01/2023,1,9,2023,September,Friday
09/02/2023,2,9,2023,September,Saturday
09/03/2023,3,9,2023,September,Sunday
09/04/2023,4,9,2023,September,Monday
09/05/2023,5,9,2023,September,Tuesday
09/06/2023,6,9,2023,September,Wednesday
09/07/2023,7,9,2023,September,Thursday
09/08/2023,8,9,2023,September,Friday
09/09/2023,9,9,2023,September,Saturday
09/10/2023,10,9,2023,September,Sunday
09/11/2023,11,9,2023,September,Monday
09/12/2023,12,9,2023,September,Tuesday
09/13/2023,13,9,2023,September,Wednesday
09/14/2023,14,9,2023,September,Thursday
09/15/2023,15,9,2023,September,Friday
09/16/2023,16,9,2023,September,Saturday
09/17/2023,17,9,2023,September,Sunday
09/18/2023,18,9,2023,September,Monday
09/19/2023,19,9,2023,September,Tuesday
09/20/2023,20,9,2023,September,Wednesday
09/21/2023,21,9,2023,September,Thursday
09/22/2023,22,9,2023,September,Friday
09/23/2023,23,9,2023,September,Saturday
09/24/2023,24,9,2023,September,Sunday
09/25/2023,25,9,2023,September,Monday
09/26/2023,26,9,2023,September,Tuesday
09/27/2023,27,9,2023,September,Wednesday
09/28/2023,28,9,2023,September,Thursday
09/29/2023,29,9,2023,September,Friday
09/30/2023,30,9,2023,September,Saturday
10/01/2023,1,10,2023,October,Sunday
10/02/2023,2,10,2023,October,Monday
10/03/2023,3,10,2023,October,Tuesday
10/04/2023,4,10,2023,October,Wednesday
10/05/2023,5,10,2023,October,Thursday
10/06/2023,6,10,2023,October,Friday
10/07/2023,7,10,2023,October,Saturday
10/08/2023,8,10,2023,October,Sunday
10/09/2023,9,10,2023,October,Monday
10/10/2023,10,10,2023,October,Tuesday
10/11/2023,11,10,2023,October,Wednesday
10/12/2023,12,10,2023,October,Thursday
10/13/2023,13,10,2023,October,Friday
10/14/2023,14,10,2023,October,Saturday
10/15/2023,15,10,2023,October,Sunday
10/16/2023,16,10,2023,October,Monday
10/17/2023,17,10,2023,October,Tuesday
10/18/2023,18,10,2023,October,Wednesday
10/19/2023,19,10,2023,October,Thursday
10/20/2023,20,10,2023,October,Friday
10/21/2023,21,10,2023,October,Saturday
10/22/2023,22,10,2023,October,Sunday
10/23/2023,23,10,2023,October,Monday
10/24/2023,24,10,2023,October,Tuesday
10/25/2023,25,10,2023,October,Wednesday
10/26/2023,26,10,2023,October,Thursday
10/27/2023,27,10,2023,October,Friday
10/28/2023,28,10,2023,October,Saturday
10/29/2023,29,10,2023,October,Sunday
10/30/2023,30,10,2023,October,Monday
10/31/2023,31,10,2023,October,Tuesday
11/01/2023,1,11,2023,November,Wednesday
11/02/2023,2,11,2023,November,Thursday
11/03/2023,3,11,2023,November,Friday
11/04/2023,4,11,2023,November,Saturday
11/05/2023,5,11,2023,November,Sunday
11/06/2023,6,11,2023,November,Monday
11/07/2023,7,11,2023,November,Tuesday
11/08/2023,8,11,2023,November,Wednesday
11/09/2023,9,11,2023,November,Thursday
11/10/2023,10,11,2023,November,Friday
11/11/2023,11,11,2023,November,Saturday
11/12/2023,12,11,2023,November,Sunday
11/13/2023,13,11,2023,November,Monday
11/14/2023,14,11,2023,November,Tuesday
11/15/2023,15,11,2023,November,Wednesday
11/16/2023,16,11,2023,November,Thursday
11/17/2023,17,11,2023,November,Friday
11/18/2023,18,11,2023,November,Saturday
11/19/2023,19,11,2023,November,Sunday
11/20/2023,20,11,2023,November,Monday
11/21/2023,21,11,2023,November,Tuesday
11/22/2023,22,11,2023,November,Wednesday
11/23/2023,23,11,2023,November,Thursday
11/24/2023,24,11,2023,November,Friday
11/25/2023,25,11,2023,November,Saturday
11/26/2023,26,11,2023,November,Sunday
11/27/2023,27,11,2023,November,Monday
11/28/2023,28,11,2023,November,Tuesday
11/29/2023,29,11,2023,November,Wednesday
11/30/2023,30,11,2023,November,Thursday
12/01/2023,1,12,2023,December,Friday
12/02/2023,2,12,2023,December,Saturday
12/03/2023,3,12,2023,December,Sunday
12/04/2023,4,12,2023,December,Monday
12/05/2023,5,12,2023,December,Tuesday
12/06/2023,6,12,2023,December,Wednesday
12/07/2023,7,12,2023,December,Thursday
12/08/2023,8,12,2023,December,Friday
12/09/2023,9,12,2023,December,Saturday
12/10/2023,10,12,2023,December,Sunday
12/11/2023,11,12,2023,December,Monday
12/12/2023,12,12,2023,December,Tuesday
12/13/2023,13,12,2023,December,Wednesday
12/14/2023,14,12,2023,December,Thursday
12/15/2023,15,12,2023,December,Friday
12/16/2023,16,12,2023,December,Saturday
12/17/2023,17,12,2023,December,Sunday
12/18/2023,18,12,2023,December,Monday
12/19/2023,19,12,2023,December,Tuesday
12/20/2023,20,12,2023,December,Wednesday
12/21/2023,21,12,2023,December,Thursday
12/22/2023,22,12,2023,December,Friday
12/23/2023,23,12,2023,December,Saturday
12/24/2023,24,12,2023,December,Sunday
12/25/2023,25,12,2023,December,Monday
12/26/2023,26,12,2023,December,Tuesday
12/27/2023,27,12,2023,December,Wednesday
12/28/2023,28,12,2023,December,Thursday
12/29/2023,29,12,2023,December,Friday
12/30/2023,30,12,2023,December,Saturday
12/31/2023,31,12,2023,December,Sunday
01/01/2024,1,1,2024,January,Monday
01/02/2024,2,1,2024,January,Tuesday
01/03/2024,3,1,2024,January,Wednesday
01/04/2024,4,1,2024,January,Thursday
01/05/2024,5,1,2024,January,Friday
01/06/2024,6,1,2024,January,Saturday
01/07/2024,7,1,2024,January,Sunday
01/08/2024,8,1,2024,January,Monday
01/09/2024,9,1,2024,January,Tuesday
01/10/2024,10,1,2024,January,Wednesday
01/11/2024,11,1,2024,January,Thursday
01/12/2024,12,1,2024,January,Friday
01/13/2024,13,1,2024,January,Saturday
01/14/2024,14,1,2024,January,Sunday
01/15/2024,15,1,2024,January,Monday
01/16/2024,16,1,2024,January,Tuesday
01/17/2024,17,1,2024,January,Wednesday
01/18/2024,18,1,2024,January,Thursday
01/19/2024,19,1,2024,January,Friday
01/20/2024,20,1,2024,January,Saturday
01/21/2024,21,1,2024,January,Sunday
01/22/2024,22,1,2024,January,Monday
01/23/2024,23,1,2024,January,Tuesday
01/24/2024,24,1,2024,January,Wednesday
01/25/2024,25,1,2024,January,Thursday
01/26/2024,26,1,2024,January,Friday
01/27/2024,27,1,2024,January,Saturday
01/28/2024,28,1,2024,January,Sunday
01/29/2024,29,1,2024,January,Monday
01/30/2024,30,1,2024,January,Tuesday
01/31/2024,31,1,2024,January,Wednesday
02/01/2024,1,2,2024,February,Thursday
02/02/2024,2,2,2024,February,Friday
02/03/2024,3,2,2024,February,Saturday
02/04/2024,4,2,2024,February,Sunday
02/05/2024,5,2,2024,February,Monday
02/06/2024,6,2,2024,February,Tuesday
02/07/2024,7,2,2024,February,Wednesday
02/08/2024,8,2,2024,February,Thursday
02/09/2024,9,2,2024,February,Friday
02/10/2024,10,2,2024,February,Saturday
02/11/2024,11,2,2024,February,Sunday
02/12/2024,12,2,2024,February,Monday
02/13/2024,13,2,2024,February,Tuesday
02/14/2024,14,2,2024,February,Wednesday
02/15/2024,15,2,2024,February,Thursday
02/16/2024,16,2,2024,February,Friday
02/17/2024,17,2,2024,February,Saturday
02/18/2024,18,2,2024,February,Sunday
02/19/2024,19,2,2024,February,Monday
02/20/2024,20,2,2024,February,Tuesday
02/21/2024,21,2,2024,February,Wednesday
02/22/2024,22,2,2024,February,Thursday
02/23/2024,23,2,2024,February,Friday
02/24/2024,24,2,2024,February,Saturday
02/25/2024,25,2,2024,February,Sunday
02/26/2024,26,2,2024,February,Monday
02/27/2024,27,2,2024,February,Tuesday
02/28/2024,28,2,2024,February,Wednesday
02/29/2024,29,2,2024,February,Thursday
03/01/2024,1,3,2024,March,Friday
03/02/2024,2,3,2024,March,Saturday
03/03/2024,3,3,2024,March,Sunday
03/04/2024,4,3,2024,March,Monday
03/05/2024,5,3,2024,March,Tuesday
03/06/2024,6,3,2024,March,Wednesday
03/07/2024,7,3,2024,March,Thursday
03/08/2024,8,3,2024,March,Friday
03/09/2024,9,3,2024,March,Saturday
03/10/2024,10,3,2024,March,Sunday
03/11/2024,11,3,2024,March,Monday
03/12/2024,12,3,2024,March,Tuesday
03/13/2024,13,3,2024,March,Wednesday
03/14/2024,14,3,2024,March,Thursday
03/15/2024,15,3,2024,March,Friday
03/16/2024,16,3,2024,March,Saturday
03/17/2024,17,3,2024,March,Sunday
03/18/2024,18,3,2024,March,Monday
03/19/2024,19,3,2024,March,Tuesday
03/20/2024,20,3,2024,March,Wednesday
03/21/2024,21,3,2024,March,Thursday
03/22/2024,22,3,2024,March,Friday
03/23/2024,23,3,2024,March,Saturday
03/24/2024,24,3,2024,March,Sunday
03/25/2024,25,3,2024,March,Monday
03/26/2024,26,3,2024,March,Tuesday
03/27/2024,27,3,2024,March,Wednesday
03/28/2024,28,3,2024,March,Thursday
03/29/2024,29,3,2024,March,Friday
03/30/2024,30,3,2024,March,Saturday
03/31/2024,31,3,2024,March,Sunday
04/01/2024,1,4,2024,April,Monday
04/02/2024,2,4,2024,April,Tuesday
04/03/2024,3,4,2024,April,Wednesday
04/04/2024,4,4,2024,April,Thursday
04/05/2024,5,4,2024,April,Friday
04/06/2024,6,4,2024,April,Saturday
04/07/2024,7,4,2024,April,Sunday
04/08/2024,8,4,2024,April,Monday
04/09/2024,9,4,2024,April,Tuesday
04/10/2024,10,4,2024,April,Wednesday
04/11/2024,11,4,2024,April,Thursday
04/12/2024,12,4,2024,April,Friday
04/13/2024,13,4,2024,April,Saturday
04/14/2024,14,4,2024,April,Sunday
04/15/2024,15,4,2024,April,Monday
04/16/2024,16,4,2024,April,Tuesday
04/17/2024,17,4,2024,April,Wednesday
04/18/2024,18,4,2024,April,Thursday
04/19/2024,19,4,2024,April,Friday
04/20/2024,20,4,2024,April,Saturday
04/21/2024,21,4,2024,April,Sunday
04/22/2024,22,4,2024,April,Monday
04/23/2024,23,4,2024,April,Tuesday
04/24/2024,24,4,2024,April,Wednesday
04/25/2024,25,4,2024,April,Thursday
04/26/2024,26,4,2024,April,Friday
04/27/2024,27,4,2024,April,Saturday
04/28/2024,28,4,2024,April,Sunday
04/29/2024,29,4,2024,April,Monday
04/30/2024,30,4,2024,April,Tuesday
05/01/2024,1,5,2024,May,Wednesday
05/02/2024,2,5,2024,May,Thursday
05/03/2024,3,5,2024,May,Friday
05/04/2024,4,5,2024,May,Saturday
05/05/2024,5,5,2024,May,Sunday
05/06/2024,6,5,2024,May,Monday
05/07/2024,7,5,2024,May,Tuesday
05/08/2024,8,5,2024,May,Wednesday
05/09/2024,9,5,2024,May,Thursday
05/10/2024,10,5,2024,May,Friday
05/11/2024,11,5,2024,May,Saturday
05/12/2024,12,5,2024,May,Sunday
05/13/2024,13,5,2024,May,Monday
05/14/2024,14,5,2024,May,Tuesday
05/15/2024,15,5,2024,May,Wednesday
05/16/2024,16,5,2024,May,Thursday
05/17/2024,17,5,2024,May,Friday
05/18/2024,18,5,2024,May,Saturday
05/19/2024,19,5,2024,May,Sunday
05/20/2024,20,5,2024,May,Monday
05/21/2024,21,5,2024,May,Tuesday
05/22/2024,22,5,2024,May,Wednesday
05/23/2024,23,5,2024,May,Thursday
05/24/2024,24,5,2024,May,Friday
05/25/2024,25,5,2024,May,Saturday
05/26/2024,26,5,2024,May,Sunday
05/27/2024,27,5,2024,May,Monday
05/28/2024,28,5,2024,May,Tuesday
05/29/2024,29,5,2024,May,Wednesday
05/30/2024,30,5,2024,May,Thursday
05/31/2024,31,5,2024,May,Friday
06/01/2024,1,6,2024,June,Saturday
06/02/2024,2,6,2024,June,Sunday
06/03/2024,3,6,2024,June,Monday
06/04/2024,4,6,2024,June,Tuesday
06/05/2024,5,6,2024,June,Wednesday
06/06/2024,6,6,2024,June,Thursday
06/07/2024,7,6,2024,June,Friday
06/08/2024,8,6,2024,June,Saturday
06/09/2024,9,6,2024,June,Sunday
06/10/2024,10,6,2024,June,Monday
06/11/2024,11,6,2024,June,Tuesday
06/12/2024,12,6,2024,June,Wednesday
06/13/2024,13,6,2024,June,Thursday
06/14/2024,14,6,2024,June,Friday
06/15/2024,15,6,2024,June,Saturday
06/16/2024,16,6,2024,June,Sunday
06/17/2024,17,6,2024,June,Monday
06/18/2024,18,6,2024,June,Tuesday
06/19/2024,19,6,2024,June,Wednesday
06/20/2024,20,6,2024,June,Thursday
06/21/2024,21,6,2024,June,Friday
06/22/2024,22,6,2024,June,Saturday
06/23/2024,23,6,2024,June,Sunday
06/24/2024,24,6,2024,June,Monday
06/25/2024,25,6,2024,June,Tuesday
06/26/2024,26,6,2024,June,Wednesday
06/27/2024,27,6,2024,June,Thursday
06/28/2024,28,6,2024,June,Friday
06/29/2024,29,6,2024,June,Saturday
06/30/2024,30,6,2024,June,Sunday
07/01/2024,1,7,2024,July,Monday
07/02/2024,2,7,2024,July,Tuesday
07/03/2024,3,7,2024,July,Wednesday
07/04/2024,4,7,2024,July,Thursday
07/05/2024,5,7,2024,July,Friday
07/06/2024,6,7,2024,July,Saturday
07/07/2024,7,7,2024,July,Sunday
07/08/2024,8,7,2024,July,Monday
07/09/2024,9,7,2024,July,Tuesday
07/10/2024,10,7,2024,July,Wednesday
07/11/2024,11,7,2024,July,Thursday
07/12/2024,12,7,2024,July,Friday
07/13/2024,13,7,2024,July,Saturday
07/14/2024,14,7,2024,July,Sunday
07/15/2024,15,7,2024,July,Monday
07/16/2024,16,7,2024,July,Tuesday
07/17/2024,17,7,2024,July,Wednesday
07/18/2024,18,7,2024,July,Thursday
07/19/2024,19,7,2024,July,Friday
07/20/2024,20,7,2024,July,Saturday
07/21/2024,21,7,2024,July,Sunday
07/22/2024,22,7,2024,July,Monday
07/23/2024,23,7,2024,July,Tuesday
07/24/2024,24,7,2024,July,Wednesday
07/25/2024,25,7,2024,July,Thursday
07/26/2024,26,7,2024,July,Friday
07/27/2024,27,7,2024,July,Saturday
07/28/2024,28,7,2024,July,Sunday
07/29/2024,29,7,2024,July,Monday
07/30/2024,30,7,2024,July,Tuesday
07/31/2024,31,7,2024,July,Wednesday
08/01/2024,1,8,2024,August,Thursday
08/02/2024,2,8,2024,August,Friday
08/03/2024,3,8,2024,August,Saturday
08/04/2024,4,8,2024,August,Sunday
08/05/2024,5,8,2024,August,Monday
08/06/2024,6,8,2024,August,Tuesday
08/07/2024,7,8,2024,August,Wednesday
08/08/2024,8,8,2024,August,Thursday
08/09/2024,9,8,2024,August,Friday
08/10/2024,10,8,2024,August,Saturday
08/11/2024,11,8,2024,August,Sunday
08/12/2024,12,8,2024,August,Monday
08/13/2024,13,8,2024,August,Tuesday
08/14/2024,14,8,2024,August,Wednesday
08/15/2024,15,8,2024,August,Thursday
08/16/2024,16,8,2024,August,Friday
08/17/2024,17,8,2024,August,Saturday
08/18/2024,18,8,2024,August,Sunday
08/19/2024,19,8,2024,August,Monday
08/20/2024,20,8,2024,August,Tuesday
08/21/2024,21,8,2024,August,Wednesday
08/22/2024,22,8,2024,August,Thursday
08/23/2024,23,8,2024,August,Friday
08/24/2024,24,8,2024,August,Saturday
08/25/2024,25,8,2024,August,Sunday
08/26/2024,26,8,2024,August,Monday
08/27/2024,27,8,2024,August,Tuesday
08/28/2024,28,8,2024,August,Wednesday
08/29/2024,29,8,2024,August,Thursday
08/30/2024,30,8,2024,August,Friday
08/31/2024,31,8,2024,August,Saturday
09/01/2024,1,9,2024,September,Sunday
09/02/2024,2,9,2024,September,Monday
09/03/2024,3,9,2024,September,Tuesday
09/04/2024,4,9,2024,September,Wednesday
09/05/2024,5,9,2024,September,Thursday
09/06/2024,6,9,2024,September,Friday
09/07/2024,7,9,2024,September,Saturday
09/08/2024,8,9,2024,September,Sunday
09/09/2024,9,9,2024,September,Monday
09/10/2024,10,9,2024,September,Tuesday
09/11/2024,11,9,2024,September,Wednesday
09/12/2024,12,9,2024,September,Thursday
09/13/2024,13,9,2024,September,Friday
09/14/2024,14,9,2024,September,Saturday
09/15/2024,15,9,2024,September,Sunday
09/16/2024,16,9,2024,September,Monday
09/17/2024,17,9,2024,September,Tuesday
09/18/2024,18,9,2024,September,Wednesday
09/19/2024,19,9,2024,September,Thursday
09/20/2024,20,9,2024,September,Friday
09/21/2024,21,9,2024,September,Saturday
09/22/2024,22,9,2024,September,Sunday
09/23/2024,23,9,2024,September,Monday
09/24/2024,24,9,2024,September,Tuesday
09/25/2024,25,9,2024,September,Wednesday
09/26/2024,26,9,2024,September,Thursday
09/27/2024,27,9,2024,September,Friday
09/28/2024,28,9,2024,September,Saturday
09/29/2024,29,9,2024,September,Sunday
09/30/2024,30,9,2024,September,Monday
10/01/2024,1,10,2024,October,Tuesday
10/02/2024,2,10,2024,October,Wednesday
10/03/2024,3,10,2024,October,Thursday
10/04/2024,4,10,2024,October,Friday
10/05/2024,5,10,2024,October,Saturday
10/06/2024,6,10,2024,October,Sunday
10/07/2024,7,10,2024,October,Monday
10/08/2024,8,10,2024,October,Tuesday
10/09/2024,9,10,2024,October,Wednesday
10/10/2024,10,10,2024,October,Thursday
10/11/2024,11,10,2024,October,Friday
10/12/2024,12,10,2024,October,Saturday
10/13/2024,13,10,2024,October,Sunday
10/14/2024,14,10,2024,October,Monday
10/15/2024,15,10,2024,October,Tuesday
10/16/2024,16,10,2024,October,Wednesday
10/17/2024,17,10,2024,October,Thursday
10/18/2024,18,10,2024,October,Friday
10/19/2024,19,10,2024,October,Saturday
10/20/2024,20,10,2024,October,Sunday
10/21/2024,21,10,2024,October,Monday
10/22/2024,22,10,2024,October,Tuesday
10/23/2024,23,10,2024,October,Wednesday
10/24/2024,24,10,2024,October,Thursday
10/25/2024,25,10,2024,October,Friday
10/26/2024,26,10,2024,October,Saturday
10/27/2024,27,10,2024,October,Sunday
10/28/2024,28,10,2024,October,Monday
10/29/2024,29,10,2024,October,Tuesday
10/30/2024,30,10,2024,October,Wednesday
10/31/2024,31,10,2024,October,Thursday
11/01/2024,1,11,2024,November,Friday
11/02/2024,2,11,2024,November,Saturday
11/03/2024,3,11,2024,November,Sunday
11/04/2024,4,11,2024,November,Monday
11/05/2024,5,11,2024,November,Tuesday
11/06/2024,6,11,2024,November,Wednesday
11/07/2024,7,11,2024,November,Thursday
11/08/2024,8,11,2024,November,Friday
11/09/2024,9,11,2024,November,Saturday
11/10/2024,10,11,2024,November,Sunday
11/11/2024,11,11,2024,November,Monday
11/12/2024,12,11,2024,November,Tuesday
11/13/2024,13,11,2024,November,Wednesday
11/14/2024,14,11,2024,November,Thursday
11/15/2024,15,11,2024,November,Friday
11/16/2024,16,11,2024,November,Saturday
11/17/2024,17,11,2024,November,Sunday
11/18/2024,18,11,2024,November,Monday
11/19/2024,19,11,2024,November,Tuesday
11/20/2024,20,11,2024,November,Wednesday
11/21/2024,21,11,2024,November,Thursday
11/22/2024,22,11,2024,November,Friday
11/23/2024,23,11,2024,November,Saturday
11/24/2024,24,11,2024,November,Sunday
11/25/2024,25,11,2024,November,Monday
11/26/2024,26,11,2024,November,Tuesday
11/27/2024,27,11,2024,November,Wednesday
11/28/2024,28,11,2024,November,Thursday
11/29/2024,29,11,2024,November,Friday
11/30/2024,30,11,2024,November,Saturday
12/01/2024,1,12,2024,December,Sunday
12/02/2024,2,12,2024,December,Monday
12/03/2024,3,12,2024,December,Tuesday
12/04/2024,4,12,2024,December,Wednesday
12/05/2024,5,12,2024,December,Thursday
12/06/2024,6,12,2024,December,Friday
12/07/2024,7,12,2024,December,Saturday
12/08/2024,8,12,2024,December,Sunday
12/09/2024,9,12,2024,December,Monday
12/10/2024,10,12,2024,December,Tuesday
12/11/2024,11,12,2024,December,Wednesday
12/12/2024,12,12,2024,December,Thursday
12/13/2024,13,12,2024,December,Friday
12/14/2024,14,12,2024,December,Saturday
12/15/2024,15,12,2024,December,Sunday
12/16/2024,16,12,2024,December,Monday
12/17/2024,17,12,2024,December,Tuesday
12/18/2024,18,12,2024,December,Wednesday
12/19/2024,19,12,2024,December,Thursday
12/20/2024,20,12,2024,December,Friday
12/21/2024,21,12,2024,December,Saturday
12/22/2024,22,12,2024,December,Sunday
12/23/2024,23,12,2024,December,Monday
12/24/2024,24,12,2024,December,Tuesday
12/25/2024,25,12,2024,December,Wednesday
12/26/2024,26,12,2024,December,Thursday
12/27/2024,27,12,2024,December,Friday
12/28/2024,28,12,2024,December,Saturday
12/29/2024,29,12,2024,December,Sunday
12/30/2024,30,12,2024,December,Monday
12/31/2024,31,12,2024,December,Tuesday
